City_ID,City,Country,Date,Lat,Lng,Max Temp,Humidity,Cloudiness,Wind Speed
0,Coihaique,CL,2022-01-29 03:55:53,-45.5752,-72.0662,66.81,42,0,3.44
1,Athabasca,CA,2022-01-29 04:02:15,54.7169,-113.2854,23.85,88,100,4.65
2,Mataura,NZ,2022-01-29 04:04:14,-46.1927,168.8643,68.49,24,75,7.23
3,Goderich,CA,2022-01-29 03:53:50,43.7501,-81.7165,-0.08,78,75,8.05
4,Ushuaia,AR,2022-01-29 03:58:58,-54.8,-68.3,51.46,82,40,5.75
5,Tasiilaq,GL,2022-01-29 04:04:15,65.6145,-37.6368,14.16,68,66,6.2
6,Hermanus,ZA,2022-01-29 04:04:15,-34.4187,19.2345,59.81,81,35,11.9
7,Upernavik,GL,2022-01-29 03:51:53,72.7868,-56.1549,9.12,71,100,3.36
8,Port Elizabeth,ZA,2022-01-29 04:04:16,-33.918,25.5701,65.1,78,99,1.88
9,Vuktyl,RU,2022-01-29 04:04:16,63.8567,57.3094,3.78,93,100,8.95
10,Ust-Nera,RU,2022-01-29 03:58:28,64.5667,143.2,-6.38,99,100,2.21
11,Saint-Philippe,RE,2022-01-29 04:02:11,-21.3585,55.7679,80.11,76,0,6.69
12,Punta Arenas,CL,2022-01-29 04:00:41,-53.15,-70.9167,59.11,44,100,5.99
13,Namibe,AO,2022-01-29 04:04:16,-15.1961,12.1522,70.86,83,100,6.26
14,Vaini,TO,2022-01-29 04:04:17,-21.2,-175.2,82.69,78,100,16.73
15,Atuona,PF,2022-01-29 04:04:17,-9.8,-139.0333,77.67,78,10,13.82
16,Puerto Ayora,EC,2022-01-29 03:54:39,-0.7393,-90.3518,73.54,94,71,6.78
17,Albany,US,2022-01-29 04:04:17,42.6001,-73.9662,19.62,70,100,4.0
18,Zunyi,CN,2022-01-29 04:04:18,27.6867,106.9072,35.51,98,100,1.43
19,Hualmay,PE,2022-01-29 04:02:41,-11.0964,-77.6139,69.51,84,100,8.63
20,Sorong,ID,2022-01-29 04:04:18,-0.8833,131.25,81.27,81,95,7.09
21,Hilo,US,2022-01-29 04:00:42,19.7297,-155.09,74.25,86,4,3.0
22,Pacific Grove,US,2022-01-29 03:55:53,36.6177,-121.9166,57.27,47,52,1.99
23,Busselton,AU,2022-01-29 04:04:06,-33.65,115.3333,96.04,42,96,6.22
24,Cidreira,BR,2022-01-29 03:54:19,-30.1811,-50.2056,69.39,75,20,12.15
25,Houma,US,2022-01-29 03:56:34,29.5958,-90.7195,42.01,64,0,5.17
26,Port Alfred,ZA,2022-01-29 03:54:22,-33.5906,26.891,66.45,81,91,5.61
27,Gyanpur,IN,2022-01-29 04:04:19,25.35,82.4667,55.35,48,0,6.93
28,Saint-Pierre,RE,2022-01-29 03:52:06,-21.3393,55.4781,79.18,61,0,3.44
29,Rikitea,PF,2022-01-29 04:04:19,-23.1203,-134.9692,77.86,74,92,13.8
30,Bengkulu,ID,2022-01-29 04:04:20,-3.8004,102.2655,82.81,68,100,2.46
31,Talnakh,RU,2022-01-29 04:00:30,69.4865,88.3972,-0.8,95,100,10.36
32,Kavieng,PG,2022-01-29 04:03:44,-2.5744,150.7967,83.28,73,100,3.04
33,Castro,BR,2022-01-29 04:02:59,-24.7911,-50.0119,59.05,99,100,8.7
34,Carora,VE,2022-01-29 04:04:20,10.1755,-70.0827,72.34,80,36,6.85
35,Zilair,RU,2022-01-29 04:02:03,52.2332,57.4392,10.67,91,100,8.3
36,Hovd,MN,2022-01-29 04:04:21,48.0056,91.6419,-3.64,64,2,0.87
37,Ko Samui,TH,2022-01-29 04:04:21,9.5357,99.9357,79.77,76,7,2.3
38,San Cristobal,VE,2022-01-29 03:55:22,7.7669,-72.225,69.98,83,4,3.11
39,Isabela,PH,2022-01-29 04:04:22,6.7085,121.9711,83.71,73,53,6.04
40,Trincomalee,LK,2022-01-29 04:02:23,8.5711,81.2335,80.82,79,15,11.56
41,Bethel,US,2022-01-29 04:04:22,41.3712,-73.414,30.29,86,100,1.99
42,Lazaro Cardenas,MX,2022-01-29 03:55:36,17.9583,-102.2,74.89,76,2,1.45
43,Longyearbyen,SJ,2022-01-29 03:54:27,78.2186,15.6401,10.24,72,0,13.8
44,Jamestown,US,2022-01-29 04:03:10,42.097,-79.2353,13.32,85,100,9.22
45,Meulaboh,ID,2022-01-29 03:55:06,4.1363,96.1285,83.48,76,70,3.89
46,Nelson Bay,AU,2022-01-29 03:58:37,-32.7167,152.15,89.76,65,1,4.0
47,Nieves,PH,2022-01-29 04:02:46,15.3274,120.9485,89.69,52,11,3.44
48,Laguna,US,2022-01-29 04:03:41,38.421,-121.4238,54.1,78,0,0.0
49,Sibolga,ID,2022-01-29 03:50:57,1.7427,98.7792,86.18,62,100,3.74
50,Bluff,NZ,2022-01-29 04:04:23,-46.6,168.3333,68.81,63,91,8.05
51,Sao Filipe,CV,2022-01-29 03:54:28,14.8961,-24.4956,70.5,70,87,10.8
52,Tilichiki,RU,2022-01-29 03:55:55,60.4667,166.1,25.59,94,100,5.5
53,Harlingen,US,2022-01-29 04:01:56,26.1906,-97.6961,52.34,90,100,5.75
54,East London,ZA,2022-01-29 04:04:24,-33.0153,27.9116,65.64,79,4,8.34
55,Thompson,CA,2022-01-29 04:00:37,55.7435,-97.8558,-1.71,98,100,2.59
56,Lebu,CL,2022-01-29 03:54:38,-37.6167,-73.65,57.7,92,4,4.72
57,Kodiak,US,2022-01-29 04:00:27,57.79,-152.4072,26.11,74,100,19.57
58,Bertoua,CM,2022-01-29 04:04:24,4.5833,13.6833,64.72,32,99,4.05
59,Superior,US,2022-01-29 04:04:24,46.7208,-92.1041,6.69,81,75,3.44
60,Yellowknife,CA,2022-01-29 04:00:10,62.456,-114.3525,-7.58,87,88,5.99
61,Bijar,IR,2022-01-29 04:04:25,35.8668,47.6051,8.44,98,89,4.36
62,Mar Del Plata,AR,2022-01-29 04:00:09,-38.0023,-57.5575,65.08,74,0,1.01
63,Hobart,AU,2022-01-29 04:04:25,-42.8794,147.3294,73.27,68,75,1.99
64,Chalus,IR,2022-01-29 04:03:32,36.655,51.4204,45.77,63,75,7.56
65,Talcahuano,CL,2022-01-29 04:04:26,-36.7167,-73.1167,62.28,82,100,4.61
66,Whitehorse,CA,2022-01-29 03:54:27,60.7161,-135.0538,34.57,75,75,13.8
67,Kruisfontein,ZA,2022-01-29 04:04:05,-34.0033,24.7314,62.89,84,96,1.59
68,Flinders,AU,2022-01-29 03:55:06,-34.5833,150.8552,89.8,68,84,5.99
69,Georgetown,MY,2022-01-29 04:04:26,5.4112,100.3354,89.53,66,20,3.44
70,Provideniya,RU,2022-01-29 04:04:26,64.3833,-173.3,-0.94,97,15,3.31
71,Asosa,ET,2022-01-29 04:04:27,10.0667,34.5333,58.93,49,0,6.2
72,Kahului,US,2022-01-29 03:52:09,20.8947,-156.47,80.62,65,0,5.75
73,Yumen,CN,2022-01-29 03:55:13,40.2833,97.2,26.26,32,4,11.48
74,Lorengau,PG,2022-01-29 03:54:37,-2.0226,147.2712,82.08,76,99,3.0
75,Saskylakh,RU,2022-01-29 03:55:14,71.9167,114.0833,-3.8,94,100,5.06
76,Jember,ID,2022-01-29 04:04:27,-8.166,113.7032,87.42,60,98,2.1
77,Dunedin,NZ,2022-01-29 03:55:11,-45.8742,170.5036,69.8,56,100,5.99
78,Ponta Delgada,PT,2022-01-29 04:04:28,37.7333,-25.6667,58.5,77,20,6.91
79,Fort Nelson,CA,2022-01-29 03:54:37,58.8053,-122.7002,15.39,86,100,5.75
80,Avarua,CK,2022-01-29 04:04:28,-21.2078,-159.775,82.45,74,40,13.8
81,Airai,TL,2022-01-29 04:04:28,-8.9266,125.4092,72.45,60,100,5.64
82,Vestmannaeyjar,IS,2022-01-29 03:58:13,63.4427,-20.2734,25.75,68,58,27.98
83,Kingaroy,AU,2022-01-29 04:04:29,-26.5333,151.8333,80.47,56,79,12.15
84,Hyeres,FR,2022-01-29 04:04:29,43.1167,6.1167,43.34,80,0,3.44
85,Kapaa,US,2022-01-29 04:04:30,22.0752,-159.319,76.98,73,20,1.01
86,Faanui,PF,2022-01-29 03:54:33,-16.4833,-151.75,80.91,74,14,14.74
87,Port Macquarie,AU,2022-01-29 03:53:14,-31.4333,152.9167,82.36,66,47,12.12
88,Clyde River,CA,2022-01-29 03:55:30,70.4692,-68.5914,-9.17,84,100,29.93
89,Port Hardy,CA,2022-01-29 04:00:37,50.6996,-127.4199,45.75,85,100,11.86
90,Sfantu Gheorghe,RO,2022-01-29 03:58:10,45.8667,25.7833,31.93,93,100,12.21
91,Torbay,CA,2022-01-29 03:56:49,47.6666,-52.7314,29.57,87,100,11.5
92,Bredasdorp,ZA,2022-01-29 04:00:30,-34.5322,20.0403,59.29,75,52,6.4
93,Mayo,US,2022-01-29 04:04:30,38.8876,-76.5119,33.04,93,100,5.01
94,Kendari,ID,2022-01-29 04:03:15,-3.945,122.4989,86.74,66,100,3.02
95,Dingle,PH,2022-01-29 03:55:33,10.9995,122.6711,87.06,64,76,4.59
96,Kijang,KR,2022-01-29 04:04:31,35.2442,129.2139,42.44,15,66,1.57
97,Pasighat,IN,2022-01-29 04:04:31,28.0667,95.3333,64.22,36,0,2.75
98,Kralendijk,BQ,2022-01-29 04:04:32,12.15,-68.2667,75.18,83,100,3.44
99,Kaitangata,NZ,2022-01-29 04:04:32,-46.2817,169.8464,64.92,72,99,6.73
100,Ponta Do Sol,PT,2022-01-29 03:56:34,32.6667,-17.1,61.43,48,67,4.47
101,Tuatapere,NZ,2022-01-29 03:54:42,-46.1333,167.6833,67.82,47,100,1.54
102,Alofi,NU,2022-01-29 03:52:01,-19.0595,-169.9187,75.09,94,70,6.91
103,Souillac,MU,2022-01-29 03:55:03,-20.5167,57.5167,84.36,94,40,1.14
104,Broome,US,2022-01-29 04:01:37,42.2506,-75.833,15.17,82,100,1.99
105,Lakes Entrance,AU,2022-01-29 04:04:33,-37.8811,147.981,73.58,95,100,5.86
106,Cherskiy,RU,2022-01-29 04:03:47,68.75,161.3,-11.11,95,100,2.84
107,College,US,2022-01-29 03:55:09,64.8569,-147.8028,3.52,65,40,4.61
108,Sucre,BO,2022-01-29 04:04:33,-19.0333,-65.2627,56.19,81,98,4.63
109,Axim,GH,2022-01-29 04:04:33,4.8699,-2.2405,77.0,84,44,2.42
110,Barrow,US,2022-01-29 04:02:05,71.2906,-156.7887,-3.98,71,100,16.11
111,Nagato,JP,2022-01-29 04:04:34,34.3833,131.2,49.91,45,97,12.53
112,Basco,PH,2022-01-29 04:01:49,20.4487,121.9702,76.05,76,84,23.89
113,Chokurdakh,RU,2022-01-29 03:55:08,70.6333,147.9167,-24.2,92,93,0.89
114,Asau,RO,2022-01-29 03:55:57,46.4333,26.4,31.28,92,62,4.54
115,General Pico,AR,2022-01-29 04:04:34,-35.6566,-63.7568,64.47,65,0,8.16
116,Betong,TH,2022-01-29 04:04:35,5.7743,101.0723,87.98,53,86,0.83
117,Aklavik,CA,2022-01-29 04:04:35,68.2191,-135.0107,-24.2,88,6,6.35
118,Santa Cruz De La Palma,ES,2022-01-29 04:04:35,28.6835,-17.7642,59.14,63,20,10.36
119,Obihiro,JP,2022-01-29 04:04:36,42.9172,143.2044,24.87,66,51,8.03
120,Shuyskoye,RU,2022-01-29 04:04:36,59.3736,41.0305,14.45,95,100,6.51
121,Klaksvik,FO,2022-01-29 04:03:02,62.2266,-6.589,40.12,96,100,18.41
122,Sitka,US,2022-01-29 04:02:04,57.0531,-135.33,38.66,96,100,7.09
123,Chuy,UY,2022-01-29 04:03:54,-33.6971,-53.4616,63.88,79,0,4.76
124,Cape Town,ZA,2022-01-29 04:01:04,-33.9258,18.4232,64.35,75,4,3.0
125,La Palma,US,2022-01-29 03:55:07,33.8464,-118.0467,66.96,14,20,7.0
126,Kajaani,FI,2022-01-29 04:04:37,64.2273,27.7285,14.05,92,0,5.75
127,Vanavara,RU,2022-01-29 04:01:17,60.34,102.2797,-4.09,94,100,3.47
128,Carnarvon,AU,2022-01-29 04:01:43,-24.8667,113.6333,84.6,60,1,15.1
129,Winslow,US,2022-01-29 04:04:37,35.0242,-110.6974,28.58,40,0,0.0
130,Mahebourg,MU,2022-01-29 04:02:03,-20.4081,57.7,84.25,77,3,9.19
131,Severo-Kurilsk,RU,2022-01-29 03:53:58,50.6789,156.125,23.25,73,100,25.77
132,Husavik,IS,2022-01-29 03:56:06,66.0449,-17.3389,24.71,95,100,27.72
133,Luderitz,NA,2022-01-29 04:03:48,-26.6481,15.1594,66.42,75,0,20.49
134,Sungaipenuh,ID,2022-01-29 03:57:09,-2.0833,101.3833,80.94,56,92,2.06
135,Nemuro,JP,2022-01-29 04:04:38,43.3236,145.575,25.68,64,52,11.56
136,San Patricio,US,2022-01-29 04:04:38,28.017,-97.5169,51.82,49,0,5.99
137,Tuktoyaktuk,CA,2022-01-29 04:04:38,69.4541,-133.0374,-14.6,92,72,16.35
138,Esmeraldas,BR,2022-01-29 04:04:39,-19.7625,-44.3139,68.86,87,100,3.15
139,Qaqortoq,GL,2022-01-29 04:04:39,60.7167,-46.0333,19.9,86,100,13.35
140,Butaritari,KI,2022-01-29 04:04:40,3.0707,172.7902,81.64,80,55,16.33
141,Hastings,GB,2022-01-29 03:57:44,50.8552,0.5729,50.97,87,72,17.6
142,Varhaug,NO,2022-01-29 04:04:40,58.6147,5.6457,47.86,98,100,21.34
143,Tutoia,BR,2022-01-29 04:04:40,-2.7619,-42.2744,75.58,77,100,11.18
144,Weligama,LK,2022-01-29 03:57:02,5.9667,80.4167,82.49,68,15,1.25
145,Maceio,BR,2022-01-29 04:00:11,-9.6658,-35.7353,78.24,83,40,11.5
146,Esperance,AU,2022-01-29 04:04:09,-33.8667,121.9,79.5,43,0,13.65
147,Osoyoos,CA,2022-01-29 04:00:32,49.0331,-119.4524,29.03,84,100,1.86
148,Hasaki,JP,2022-01-29 03:52:12,35.7333,140.8333,46.8,65,100,6.64
149,Glazov,RU,2022-01-29 04:04:41,58.1394,52.6584,16.18,96,100,5.79
150,Qaanaaq,GL,2022-01-29 04:00:13,77.484,-69.3632,-13.32,62,74,7.87
151,Batangafo,CF,2022-01-29 04:04:41,7.3008,18.2833,65.68,29,18,4.63
152,Katsuura,JP,2022-01-29 03:55:58,35.1333,140.3,44.71,94,100,10.98
153,Bilma,NE,2022-01-29 03:56:28,18.6853,12.9164,53.35,23,0,11.03
154,Leningradskiy,RU,2022-01-29 04:04:01,69.3833,178.4167,-10.3,91,54,3.27
155,Victoria,HK,2022-01-29 04:00:08,22.2855,114.1577,69.96,81,97,10.0
156,Brae,GB,2022-01-29 03:55:25,60.3964,-1.353,49.91,93,100,33.73
157,Tahe,CN,2022-01-29 04:04:42,52.3333,124.7333,10.8,65,67,12.59
158,Nikolskoye,RU,2022-01-29 04:04:42,59.7035,30.7861,24.69,97,97,5.93
159,Westport,US,2022-01-29 03:54:17,41.1415,-73.3579,31.32,92,100,1.99
160,Norman Wells,CA,2022-01-29 04:04:43,65.282,-126.8329,-8.95,98,100,6.26
161,Progreso,MX,2022-01-29 04:01:19,21.2833,-89.6667,72.1,71,97,24.4
162,Dikson,RU,2022-01-29 04:04:43,73.5069,80.5464,2.07,94,100,18.16
163,Itarantim,BR,2022-01-29 04:04:43,-15.6597,-40.0656,69.12,97,21,0.0
164,Evensk,RU,2022-01-29 03:57:55,61.95,159.2333,18.37,80,100,28.19
165,Karratha,AU,2022-01-29 03:58:14,-20.7377,116.8463,91.35,45,50,15.28
166,Karup,DK,2022-01-29 04:04:44,56.3067,9.1684,44.96,100,75,16.11
167,Manali,IN,2022-01-29 04:04:44,13.1667,80.2667,78.89,85,97,14.43
168,Nouadhibou,MR,2022-01-29 04:03:58,20.931,-17.0347,61.83,81,97,18.48
169,Khatanga,RU,2022-01-29 04:04:45,71.9667,102.5,-6.86,96,100,6.67
170,Lavrentiya,RU,2022-01-29 04:01:45,65.5833,-171.0,-8.52,94,32,4.56
171,Pisco,PE,2022-01-29 04:03:46,-13.7,-76.2167,68.05,73,0,3.44
172,Sur,OM,2022-01-29 03:55:24,22.5667,59.5289,71.38,47,0,2.01
173,Tommot,RU,2022-01-29 04:04:45,58.9564,126.2925,0.48,91,100,10.42
174,Oktyabrskiy,RU,2022-01-29 03:56:40,54.4815,53.471,-0.72,99,94,2.33
175,Ribeira Grande,PT,2022-01-29 04:04:45,38.5167,-28.7,58.33,61,44,6.96
176,Margate,GB,2022-01-29 04:04:46,51.3813,1.3862,51.66,86,50,3.0
177,San Carlos De Bariloche,AR,2022-01-29 04:04:46,-41.1456,-71.3082,64.15,52,0,14.97
178,Pauini,BR,2022-01-29 04:04:46,-7.7136,-66.9764,73.2,98,100,2.06
179,Jiangkou,CN,2022-01-29 04:04:47,25.4872,119.1986,54.14,76,97,15.84
180,Ust-Omchug,RU,2022-01-29 04:04:47,61.15,149.6333,0.41,94,100,8.37
181,Olafsvik,IS,2022-01-29 03:53:02,64.8945,-23.7142,26.46,63,23,16.33
182,Kattivakkam,IN,2022-01-29 04:04:47,13.2167,80.3167,78.89,85,96,14.94
183,Aranos,NA,2022-01-29 03:55:35,-24.1333,19.1167,74.77,55,21,7.02
184,Pitimbu,BR,2022-01-29 04:02:08,-7.4706,-34.8086,79.48,76,100,9.75
185,Tautira,PF,2022-01-29 03:54:58,-17.7333,-149.15,82.42,75,24,16.2
186,Barra Do Garcas,BR,2022-01-29 04:00:25,-15.89,-52.2567,70.57,98,85,3.8
187,Vila Franca Do Campo,PT,2022-01-29 03:56:00,37.7167,-25.4333,57.61,87,29,8.79
188,Mehamn,NO,2022-01-29 04:00:54,71.0357,27.8492,24.21,65,100,4.97
189,Mandan,US,2022-01-29 04:01:12,46.8267,-100.8896,30.04,85,0,1.01
190,Churapcha,RU,2022-01-29 03:55:33,62.0025,132.4325,-19.66,94,100,3.8
191,Vostok,RU,2022-01-29 04:03:55,46.4856,135.8833,-2.88,86,100,11.63
192,Los Llanos De Aridane,ES,2022-01-29 04:04:48,28.6585,-17.9182,55.15,63,20,10.36
193,Boende,CD,2022-01-29 03:56:14,-0.2167,20.8667,76.37,66,100,0.27
194,Honiara,SB,2022-01-29 03:56:13,-9.4333,159.95,84.09,69,100,6.76
195,Hirara,JP,2022-01-29 04:04:49,24.8,125.2833,67.26,91,100,13.09
196,Hobyo,SO,2022-01-29 03:55:32,5.3505,48.5268,78.1,66,99,19.13
197,Saldanha,ZA,2022-01-29 04:04:49,-33.0117,17.9442,61.07,81,0,10.71
198,Bafia,CM,2022-01-29 04:04:50,4.75,11.2333,62.76,51,100,1.72
199,Beringovskiy,RU,2022-01-29 03:55:18,63.05,179.3167,-0.92,98,99,0.47
200,Cap Malheureux,MU,2022-01-29 03:54:54,-19.9842,57.6142,84.47,73,2,4.0
201,Gorom-Gorom,BF,2022-01-29 04:04:50,14.4439,-0.2361,66.25,21,0,10.85
202,Cary,US,2022-01-29 03:59:53,35.7915,-78.7811,39.49,72,100,1.01
203,Dwarka,IN,2022-01-29 03:57:22,22.2394,68.9678,69.33,46,0,9.31
204,Cabo San Lucas,MX,2022-01-29 03:59:15,22.8909,-109.9124,70.52,64,10,3.0
205,Lethem,GY,2022-01-29 04:04:51,3.3803,-59.7968,79.03,61,70,12.93
206,Cairns,AU,2022-01-29 04:04:51,-16.9167,145.7667,85.95,62,100,13.8
207,Bunia,CD,2022-01-29 04:04:51,1.5667,30.25,62.08,44,69,3.94
208,Altay,CN,2022-01-29 03:59:57,47.8667,88.1167,6.69,61,0,4.85
209,Geraldton,AU,2022-01-29 03:55:12,-28.7667,114.6,100.81,28,0,14.97
210,Tual,ID,2022-01-29 03:56:44,-5.6667,132.75,84.45,71,97,13.78
211,Dvinskoy,RU,2022-01-29 04:04:52,62.1535,45.1175,13.96,94,100,7.47
212,Wanning,CN,2022-01-29 04:04:52,18.8003,110.3967,74.52,82,94,10.13
213,Colac,AU,2022-01-29 04:02:32,-38.3333,143.5833,71.62,48,17,6.06
214,Lucapa,AO,2022-01-29 04:04:53,-8.4192,20.7447,64.22,89,100,2.15
215,Nanortalik,GL,2022-01-29 03:54:59,60.1432,-45.2371,27.14,78,100,12.71
216,Santa Lucia,ES,2022-01-29 04:04:53,27.9117,-15.5407,54.72,67,20,12.66
217,Raga,SS,2022-01-29 04:04:53,8.4596,25.678,60.21,22,8,5.06
218,Bukachacha,RU,2022-01-29 04:04:54,52.9833,116.9167,7.2,68,4,2.62
219,Makat,KZ,2022-01-29 04:04:54,47.6469,53.3463,23.41,93,98,13.31
220,Morant Bay,JM,2022-01-29 04:04:54,17.8815,-76.4093,74.66,80,11,1.28
221,Tyukhtet,RU,2022-01-29 04:04:55,56.5389,89.3011,4.23,92,98,4.65
222,Fortuna,US,2022-01-29 04:03:10,40.5982,-124.1573,46.09,88,0,8.05
223,Nioro,GM,2022-01-29 04:04:55,13.35,-15.75,68.7,38,77,6.33
224,Avera,US,2022-01-29 04:04:55,33.194,-82.5271,40.71,57,24,18.52
225,Matara,LK,2022-01-29 04:04:56,5.9485,80.5353,82.63,68,11,1.88
226,New Norfolk,AU,2022-01-29 04:00:48,-42.7826,147.0587,72.91,50,99,3.0
227,Kolvereid,NO,2022-01-29 04:04:56,64.8655,11.6047,32.68,97,100,15.93
228,Richards Bay,ZA,2022-01-29 04:04:05,-28.783,32.0377,72.88,85,96,11.7
229,Cabedelo,BR,2022-01-29 04:04:57,-6.9811,-34.8339,74.07,79,100,8.41
230,Puksoozero,RU,2022-01-29 04:04:57,62.5903,40.6066,15.73,95,100,5.75
231,Lompoc,US,2022-01-29 03:54:00,34.6391,-120.4579,57.92,60,0,1.01
232,La Ronge,CA,2022-01-29 04:00:32,55.1001,-105.2842,10.08,97,100,6.85
233,Norfolk,US,2022-01-29 04:00:37,42.1668,-71.2495,32.99,77,100,1.99
234,Calbuco,CL,2022-01-29 04:04:58,-41.768,-73.1273,56.41,85,0,4.61
235,San Jeronimo,PE,2022-01-29 04:04:58,-11.9472,-75.2829,46.4,93,100,2.39
236,Urubicha,BO,2022-01-29 04:04:58,-15.3833,-62.95,71.53,98,100,1.3
237,Masterton,NZ,2022-01-29 04:04:59,-40.9597,175.6575,76.95,28,0,4.03
238,Ust-Tsilma,RU,2022-01-29 04:00:02,65.441,52.1498,10.22,95,100,8.16
239,Taoudenni,ML,2022-01-29 04:04:59,22.6783,-3.9836,68.47,12,100,10.63
240,Arraial Do Cabo,BR,2022-01-29 04:04:01,-22.9661,-42.0278,75.6,92,98,5.46
241,Vagur,FO,2022-01-29 04:05:00,61.4732,-6.8119,43.34,96,100,12.57
242,Half Moon Bay,US,2022-01-29 03:59:13,37.4636,-122.4286,58.24,65,0,0.0
243,Yar-Sale,RU,2022-01-29 03:56:24,66.8333,70.8333,-8.34,98,98,7.47
244,Iqaluit,CA,2022-01-29 04:00:14,63.7506,-68.5145,-11.67,95,100,7.23
245,Eureka,US,2022-01-29 04:02:23,40.8021,-124.1637,46.36,83,35,4.18
246,Acapulco,MX,2022-01-29 04:04:09,16.8634,-99.8901,78.62,83,40,2.3
247,Tanout,NE,2022-01-29 04:05:00,14.9709,8.8879,54.95,21,0,14.29
248,Batagay-Alyta,RU,2022-01-29 04:05:00,67.8006,130.4114,-4.5,94,98,4.32
249,Hami,CN,2022-01-29 04:02:01,42.8,93.45,24.55,44,1,4.76
250,Caramay,PH,2022-01-29 04:05:01,10.1815,119.236,84.36,68,90,5.46
251,Calamar,CO,2022-01-29 04:00:22,10.2511,-74.9146,75.33,84,30,7.29
252,Senanga,ZM,2022-01-29 04:05:01,-16.1167,23.2667,64.35,95,100,7.36
253,Roald,NO,2022-01-29 03:58:55,62.5833,6.1333,45.09,100,100,21.85
254,Chapais,CA,2022-01-29 03:55:39,49.7834,-74.8492,-25.82,100,26,3.2
255,High Level,CA,2022-01-29 04:00:18,58.5169,-117.136,5.29,97,95,4.34
256,Waipawa,NZ,2022-01-29 03:55:43,-41.4122,175.5153,70.43,41,2,3.15
257,Fairbanks,US,2022-01-29 04:02:36,64.8378,-147.7164,-8.52,93,98,4.12
258,Ugoofaaru,MV,2022-01-29 04:05:02,5.6667,73.0,82.31,71,49,21.52
259,Ulladulla,AU,2022-01-29 03:56:12,-35.35,150.4667,85.1,77,100,5.53
260,Vanimo,PG,2022-01-29 04:02:08,-2.6741,141.3028,84.27,69,91,6.31
261,Nabire,ID,2022-01-29 04:05:02,-3.3667,135.4833,86.25,63,97,6.24
262,Hofn,IS,2022-01-29 03:54:14,64.2539,-15.2082,29.03,54,54,25.68
263,Belmonte,BR,2022-01-29 04:05:03,-15.8631,-38.8828,75.7,86,53,5.77
264,Awjilah,LY,2022-01-29 04:05:03,29.1081,21.2869,49.89,81,45,8.14
265,Hay River,CA,2022-01-29 03:56:08,60.8156,-115.7999,-2.22,78,75,5.75
266,Crixas,BR,2022-01-29 03:59:01,-14.5489,-49.9692,69.19,95,100,4.03
267,Vila Velha,BR,2022-01-29 04:00:14,-20.3297,-40.2925,77.95,85,93,1.01
268,Makakilo City,US,2022-01-29 03:57:43,21.3469,-158.0858,75.29,73,75,11.5
269,Tagusao,PH,2022-01-29 04:05:04,9.1924,117.8141,84.15,67,99,2.8
270,Ilulissat,GL,2022-01-29 03:52:55,69.2167,-51.1,21.96,59,100,25.37
271,Salym,RU,2022-01-29 04:05:04,60.0625,71.4789,-11.56,100,100,3.53
272,Bandarbeyla,SO,2022-01-29 04:05:04,9.4942,50.8122,72.77,72,94,16.67
273,Catalina,US,2022-01-29 04:05:05,32.5056,-110.9211,55.04,30,93,10.42
274,Ozernovskiy,RU,2022-01-29 04:05:05,51.5,156.5167,24.31,76,100,25.01
275,Japura,ID,2022-01-29 04:05:06,-0.3167,102.35,90.05,54,92,1.72
276,Aykhal,RU,2022-01-29 03:56:47,66.0,111.5,-13.85,100,91,6.08
277,Saint George,US,2022-01-29 04:05:06,37.1041,-113.5841,47.35,27,0,3.0
278,San Pedro,PH,2022-01-29 04:05:06,14.35,121.0167,90.36,68,10,4.14
279,Kakching,IN,2022-01-29 04:05:07,24.4833,93.9833,59.34,44,1,2.57
280,Hanyang,CN,2022-01-29 04:05:07,32.1371,105.5126,41.95,55,25,4.59
281,Lagoa,PT,2022-01-29 04:05:08,39.05,-27.9833,57.9,55,18,12.15
282,Santa Ines,BR,2022-01-29 04:05:08,-3.6667,-45.38,71.35,99,100,2.57
283,Udachnyy,RU,2022-01-29 03:55:50,66.4167,112.4,-20.87,100,82,4.09
284,Camopi,GF,2022-01-29 03:56:25,3.1655,-52.3158,69.91,100,58,2.08
285,Farafangana,MG,2022-01-29 04:05:08,-22.8167,47.8333,72.19,82,8,3.85
286,Udagamandalam,IN,2022-01-29 04:05:09,11.4,76.7,57.33,60,19,4.54
287,Zhigansk,RU,2022-01-29 03:58:10,66.7697,123.3711,-7.33,96,98,19.71
288,Angola,AO,2022-01-29 04:05:09,-12.5,18.5,60.89,98,100,1.79
289,Hithadhoo,MV,2022-01-29 04:00:50,-0.6,73.0833,80.87,66,48,7.9
290,Mayumba,GA,2022-01-29 04:05:10,-3.432,10.6554,75.34,90,87,0.74
291,Goundam,ML,2022-01-29 04:01:22,16.4145,-3.6708,66.56,18,30,11.03
292,Honningsvag,NO,2022-01-29 04:05:10,70.9821,25.9704,28.71,60,98,6.42
293,Sorland,NO,2022-01-29 03:58:34,67.667,12.6934,33.13,73,100,29.82
294,Prescott Valley,US,2022-01-29 04:05:10,34.5894,-112.3252,43.48,33,60,3.0
295,Rosarito,MX,2022-01-29 04:01:40,32.3333,-117.0333,61.14,25,11,12.01
296,Saint Anthony,US,2022-01-29 03:56:55,45.0205,-93.218,8.55,74,0,4.0
297,Garissa,KE,2022-01-29 04:05:11,-0.4536,39.6401,74.77,83,84,7.09
298,Pevek,RU,2022-01-29 04:05:11,69.7008,170.3133,-10.93,99,100,2.28
299,Seoul,KR,2022-01-29 03:53:37,37.5683,126.9778,33.19,32,0,9.22
300,Ampanihy,MG,2022-01-29 04:05:12,-24.7,44.75,76.66,61,0,9.19
301,Kirakira,SB,2022-01-29 04:05:12,-10.4544,161.9205,83.48,75,99,8.55
302,Belen,TR,2022-01-29 04:05:12,36.4891,36.2233,30.34,81,75,10.36
303,Iwanai,JP,2022-01-29 04:05:13,42.9744,140.5089,23.11,77,100,17.25
304,Salta,AR,2022-01-29 04:00:35,-24.7859,-65.4117,66.58,73,100,1.99
305,Boyolangu,ID,2022-01-29 04:05:13,-8.1181,111.8935,85.66,65,91,0.85
306,Gobabis,NA,2022-01-29 03:56:14,-22.45,18.9667,69.85,67,9,6.29
307,Sambava,MG,2022-01-29 04:05:14,-14.2667,50.1667,74.28,80,22,5.68
308,Kokopo,PG,2022-01-29 04:05:14,-4.352,152.2633,84.29,71,98,11.45
309,Rio Gallegos,AR,2022-01-29 04:00:16,-51.6226,-69.2181,55.65,86,96,13.31
310,Harsin,IR,2022-01-29 03:57:59,34.2721,47.5861,20.21,78,100,0.92
311,Xiongyue,CN,2022-01-29 04:05:14,40.1774,122.1228,23.47,44,0,8.59
312,Srednekolymsk,RU,2022-01-29 03:52:11,67.45,153.6833,-9.35,97,100,2.68
313,Lamu,KE,2022-01-29 04:05:15,-2.2717,40.902,77.22,85,67,7.43
314,Mangan,IN,2022-01-29 04:05:15,27.5167,88.5333,60.4,27,0,4.79
315,Platteville,US,2022-01-29 04:01:09,42.7342,-90.4785,5.61,100,23,2.8
316,Belaya Gora,RU,2022-01-29 03:56:11,68.5333,146.4167,-16.58,93,100,1.88
317,Sanchez,DO,2022-01-29 04:05:16,19.2281,-69.6137,68.76,86,0,4.38
318,Constitucion,CL,2022-01-29 03:57:22,-35.3333,-72.4167,56.39,93,7,3.87
319,Butiama,TZ,2022-01-29 04:05:16,-1.7667,33.9667,62.33,83,99,3.0
320,Kotka,FI,2022-01-29 04:05:16,60.4664,26.9458,14.32,95,43,2.95
321,Samarai,PG,2022-01-29 03:56:41,-10.6167,150.6667,85.62,65,100,5.53
322,Boghesti,RO,2022-01-29 04:05:17,46.1667,27.4,34.07,71,91,11.59
323,Kerrville,US,2022-01-29 04:05:17,30.0474,-99.1403,45.95,65,0,0.0
324,Feijo,BR,2022-01-29 03:59:42,-8.1642,-70.3536,73.04,98,100,2.01
325,Rantoul,US,2022-01-29 04:05:18,40.3084,-88.1559,11.01,75,0,7.2
326,Iwaki,JP,2022-01-29 04:05:18,37.05,140.8833,46.02,38,53,1.99
327,Dyshne-Vedeno,RU,2022-01-29 04:05:18,42.9643,46.1158,12.33,69,0,6.55
328,Sola,VU,2022-01-29 04:02:40,-13.8833,167.55,81.39,79,100,22.75
329,Isangel,VU,2022-01-29 03:55:42,-19.55,169.2667,78.91,94,100,4.61
330,Araioses,BR,2022-01-29 04:05:19,-2.89,-41.9031,73.71,84,100,7.36
331,Aldan,RU,2022-01-29 04:05:19,58.6031,125.3894,-4.02,92,100,8.39
332,Gazojak,TM,2022-01-29 04:05:19,41.1875,61.4036,30.0,89,44,8.77
333,Khani,GE,2022-01-29 03:59:06,41.9563,42.9566,18.97,76,13,8.23
334,Touros,BR,2022-01-29 04:05:20,-5.1989,-35.4608,72.5,82,100,8.05
335,Saint-Joseph,RE,2022-01-29 04:05:20,-21.3667,55.6167,79.11,71,0,7.0
336,Mbuji-Mayi,CD,2022-01-29 04:05:20,-6.15,23.6,68.61,98,100,2.89
337,Tiksi,RU,2022-01-29 04:01:46,71.6872,128.8694,-10.07,99,33,6.49
338,Chifeng,CN,2022-01-29 04:00:23,42.2683,118.9636,21.29,25,0,5.99
339,Guerrero Negro,MX,2022-01-29 03:57:04,27.9769,-114.0611,65.1,41,6,1.05
340,Amapa,BR,2022-01-29 04:05:21,1.0,-52.0,70.79,99,80,1.32
341,Yelets,RU,2022-01-29 04:05:21,52.6237,38.5017,24.53,97,92,5.59
342,Mosquera,CO,2022-01-29 04:05:22,4.7059,-74.2302,51.89,87,20,5.75
343,Naze,JP,2022-01-29 04:05:22,28.3667,129.4833,55.29,83,100,9.01
344,Bafata,GW,2022-01-29 04:05:22,12.1667,-14.75,70.07,32,42,3.36
345,Cape Canaveral,US,2022-01-29 04:05:22,28.4058,-80.6048,59.99,73,100,13.8
346,Saint-Ambroise,CA,2022-01-29 04:05:23,48.5501,-71.3324,-32.01,100,47,2.13
347,Yaroslavl,RU,2022-01-29 04:00:30,57.6299,39.8737,17.4,86,100,4.47
348,Tunceli,TR,2022-01-29 04:05:23,39.1083,39.5471,20.26,95,98,3.09
349,Colima,MX,2022-01-29 04:05:24,19.1667,-104.0,63.73,79,86,3.24
350,Eyl,SO,2022-01-29 03:58:22,7.9803,49.8164,72.99,72,100,16.44
351,Gerash,IR,2022-01-29 04:05:24,27.6652,54.1371,50.07,38,56,1.77
352,Ekibastuz,KZ,2022-01-29 03:53:15,51.6667,75.3667,6.48,82,43,5.99
353,Chumphon,TH,2022-01-29 04:05:24,10.3333,98.8333,89.4,42,5,2.13
354,Choix,MX,2022-01-29 04:05:25,26.7092,-108.3219,64.31,41,0,4.54
355,Buin,CL,2022-01-29 04:05:25,-33.7333,-70.75,71.87,86,0,1.81
356,Port Lincoln,AU,2022-01-29 03:57:00,-34.7333,135.8667,72.73,63,81,14.9
357,Gigmoto,PH,2022-01-29 03:59:45,13.7796,124.39,82.99,75,98,5.77
358,Inhambane,MZ,2022-01-29 03:56:20,-23.865,35.3833,76.17,80,66,2.24
359,Coahuayana,MX,2022-01-29 03:56:26,18.7333,-103.6833,69.82,84,53,3.09
360,Luganville,VU,2022-01-29 04:05:26,-15.5333,167.1667,81.0,85,100,13.31
361,San-Pedro,CI,2022-01-29 04:05:26,4.7485,-6.6363,77.92,86,80,0.29
362,Cayenne,GF,2022-01-29 04:05:26,4.9333,-52.3333,74.08,91,100,1.01
363,Camana,PE,2022-01-29 04:05:27,-16.6228,-72.7111,69.69,80,41,3.83
364,Port Hedland,AU,2022-01-29 03:55:38,-20.3167,118.5667,95.05,41,96,5.75
365,Foumban,CM,2022-01-29 04:05:27,5.7291,10.9001,60.93,33,99,2.86
366,Missoula,US,2022-01-29 04:05:27,47.0166,-113.8009,12.09,83,74,1.61
367,Codrington,AU,2022-01-29 04:05:28,-38.2667,141.9667,66.25,70,100,14.23
368,Padang,ID,2022-01-29 04:00:42,-0.9492,100.3543,85.77,67,88,4.68
369,Olinda,BR,2022-01-29 04:02:51,-8.0089,-34.8553,73.13,94,75,4.61
370,Obo,CF,2022-01-29 04:00:12,5.3998,26.4869,66.79,23,27,6.96
371,Nome,US,2022-01-29 03:55:45,64.5011,-165.4064,-8.9,69,0,7.43
372,Lardos,GR,2022-01-29 04:04:14,36.0942,28.0157,44.94,69,36,2.64
373,Termoli,IT,2022-01-29 04:05:28,41.9888,14.9895,48.29,49,5,20.11
374,Shakawe,BW,2022-01-29 04:05:29,-18.3667,21.85,67.41,96,100,3.83
375,Taltal,CL,2022-01-29 04:00:24,-25.4,-70.4833,65.73,80,7,1.57
376,Poli,TZ,2022-01-29 04:05:29,-3.3333,36.8,59.65,85,90,2.8
377,Cururupu,BR,2022-01-29 04:05:30,-1.8283,-44.8683,73.0,95,100,4.74
378,Panama City,PA,2022-01-29 04:05:30,8.9936,-79.5197,77.16,78,12,4.45
379,Sabha,LY,2022-01-29 04:02:25,27.0377,14.4283,42.89,44,16,7.0
380,Kemijarvi,FI,2022-01-29 04:05:30,66.7131,27.4306,2.19,97,65,3.85
381,Palmer,US,2022-01-29 03:56:50,42.1584,-72.3287,30.22,72,100,1.99
382,Saint-Georges,GD,2022-01-29 04:05:31,12.0564,-61.7485,74.88,83,20,11.5
383,Berlevag,NO,2022-01-29 03:56:40,70.8578,29.0864,29.73,61,100,12.8
384,Coquimbo,CL,2022-01-29 04:01:31,-29.9533,-71.3436,63.5,84,16,4.79
385,Zanesville,US,2022-01-29 04:05:31,39.9404,-82.0132,16.36,79,0,1.99
386,Alyangula,AU,2022-01-29 03:55:55,-13.8483,136.4192,87.67,74,100,13.8
387,Nicoya,CR,2022-01-29 04:03:51,10.1483,-85.452,71.15,77,68,1.77
388,Wuwei,CN,2022-01-29 04:05:32,37.9281,102.6414,29.98,31,0,1.25
389,Panguna,PG,2022-01-29 03:57:10,-6.3164,155.4848,79.34,73,70,2.3
390,Gushikawa,JP,2022-01-29 04:00:51,26.3544,127.8686,64.4,95,0,13.8
391,Broken Hill,AU,2022-01-29 03:58:20,-31.95,141.4333,82.11,61,40,14.97
392,Fergus Falls,US,2022-01-29 04:02:45,46.283,-96.0776,8.67,83,0,6.91
393,Krasnoselkup,RU,2022-01-29 04:04:07,65.7,82.4667,3.6,96,100,10.04
394,Eydhafushi,MV,2022-01-29 04:05:32,5.1033,73.0708,81.91,69,37,21.03
395,Walvis Bay,NA,2022-01-29 03:57:44,-22.9575,14.5053,62.1,81,92,1.88
396,Jumla,NP,2022-01-29 03:57:17,29.2747,82.1838,50.16,21,0,1.5
397,Abapo,BO,2022-01-29 04:01:25,-18.8333,-63.4667,70.41,69,100,2.68
398,Tema,GH,2022-01-29 04:05:33,5.667,-0.0166,78.62,73,12,2.1
399,Borogontsy,RU,2022-01-29 03:53:05,62.6683,131.1683,-20.7,92,100,3.06
400,Maniitsoq,GL,2022-01-29 03:58:21,65.4167,-52.9,13.21,87,100,18.57
401,Escanaba,US,2022-01-29 04:02:03,45.7453,-87.0646,12.63,99,64,3.11
402,Mocuba,MZ,2022-01-29 04:05:33,-16.8392,36.9856,71.22,97,19,2.66
403,Moerai,PF,2022-01-29 04:05:34,-22.4333,-151.3333,80.15,77,7,12.41
404,Manzhouli,CN,2022-01-29 04:01:26,49.6,117.4333,2.35,73,3,6.64
405,Haapiti,PF,2022-01-29 04:05:34,-17.5667,-149.8667,82.13,71,3,15.59
406,Kloulklubed,PW,2022-01-29 04:05:34,7.0419,134.2556,84.7,76,69,11.52
407,Morris,US,2022-01-29 04:05:35,40.8334,-74.5329,28.15,87,100,3.0
408,Svetlogorsk,BY,2022-01-29 04:05:35,52.6333,29.7333,28.11,89,100,16.2
409,Skibbereen,IE,2022-01-29 04:01:31,51.55,-9.2667,51.6,90,100,19.39
410,Ancud,CL,2022-01-29 04:05:36,-41.8697,-73.8203,53.42,84,0,2.71
411,Bathsheba,BB,2022-01-29 04:05:36,13.2167,-59.5167,76.05,82,40,6.91
412,Grindavik,IS,2022-01-29 03:55:51,63.8424,-22.4338,27.07,68,75,19.57
413,Lagos,NG,2022-01-29 03:55:34,6.5833,3.75,77.32,91,17,1.68
414,Aksarka,RU,2022-01-29 04:05:36,66.5606,67.7975,-1.75,96,100,8.12
415,Cuamba,MZ,2022-01-29 04:05:37,-14.8031,36.5372,67.69,98,54,0.43
416,Killarney,IE,2022-01-29 04:00:37,52.05,-9.5167,53.49,88,100,12.68
417,Thinadhoo,MV,2022-01-29 04:05:37,0.5333,72.9333,80.62,67,64,8.7
418,Road Town,VG,2022-01-29 04:02:49,18.4167,-64.6167,75.99,68,3,14.97
419,Turukhansk,RU,2022-01-29 04:05:37,65.8167,87.9833,-0.83,95,100,11.23
420,Bubaque,GW,2022-01-29 04:05:38,11.2833,-15.8333,77.07,60,25,14.63
421,Gramsh,AL,2022-01-29 04:05:38,40.8697,20.1844,39.09,86,100,6.29
422,Nhamunda,BR,2022-01-29 04:05:38,-2.1861,-56.7131,74.08,97,100,1.23
423,Miraflores,MX,2022-01-29 04:02:00,19.2167,-98.8083,53.02,76,54,5.3
424,Buala,SB,2022-01-29 04:05:39,-8.145,159.5921,83.37,76,100,4.54
425,Akdepe,TM,2022-01-29 03:58:04,42.0551,59.3788,24.8,81,6,6.67
426,Calvinia,ZA,2022-01-29 04:05:39,-31.4707,19.776,65.34,61,0,7.7
427,Oranjemund,NA,2022-01-29 03:58:12,-28.55,16.4333,62.35,92,8,13.89
428,Ust-Kalmanka,RU,2022-01-29 04:05:40,52.1207,83.305,-0.47,93,81,1.16
429,Viru,PE,2022-01-29 04:05:40,-8.4167,-78.75,65.5,77,100,2.73
430,Lasa,IT,2022-01-29 04:05:40,46.6166,10.7002,29.03,70,54,7.72
431,Megalopoli,GR,2022-01-29 04:05:41,37.4011,22.1422,43.41,85,100,2.62
432,Saint-Augustin,CA,2022-01-29 04:05:41,51.226,-58.6502,7.63,87,100,11.27
433,Yashalta,RU,2022-01-29 04:05:41,46.3395,42.2762,30.88,86,100,10.51
434,Puerto Escondido,MX,2022-01-29 03:58:06,15.85,-97.0667,76.71,83,18,5.23
435,Port Blair,IN,2022-01-29 03:57:05,11.6667,92.75,84.24,74,75,12.66
436,De Panne,BE,2022-01-29 04:05:42,51.0792,2.5917,50.02,93,75,17.11
437,Gillette,US,2022-01-29 04:01:24,44.2911,-105.5022,35.87,43,0,11.99
438,Tiznit,MA,2022-01-29 04:05:42,29.5833,-9.5,53.82,39,0,25.19
439,Ipixuna,BR,2022-01-29 04:05:42,-1.7625,-48.8043,73.35,98,100,3.67
440,Waingapu,ID,2022-01-29 04:03:28,-9.6567,120.2641,87.06,65,99,13.71
441,Montrose,US,2022-01-29 04:05:43,38.4166,-108.2673,23.34,54,0,1.48
442,Dalvik,IS,2022-01-29 04:05:43,65.9702,-18.5286,23.61,95,97,9.13
443,Raudeberg,NO,2022-01-29 03:59:20,61.9875,5.1352,43.95,95,100,5.99
444,Mayor Pablo Lagerenza,PY,2022-01-29 04:05:44,-19.9309,-60.7718,73.38,80,26,1.07
445,Aksu,CN,2022-01-29 04:05:44,41.1231,80.2644,27.3,40,87,4.56
446,Riviere-Du-Loup,CA,2022-01-29 04:05:44,47.8304,-69.5342,-15.36,95,63,2.26
447,Romny,UA,2022-01-29 04:05:45,50.751,33.4747,31.82,98,100,10.04
448,Matay,EG,2022-01-29 04:02:07,28.419,30.7792,45.12,65,9,4.27
449,Mezen,RU,2022-01-29 03:55:50,65.8522,44.24,11.28,96,99,6.17
450,Atbasar,KZ,2022-01-29 03:57:46,51.8,68.3333,2.16,85,100,8.75
451,Bambous Virieux,MU,2022-01-29 04:04:34,-20.3428,57.7575,84.22,78,4,9.46
452,Colares,PT,2022-01-29 04:02:19,38.7992,-9.4469,53.29,44,0,5.01
453,Trairi,BR,2022-01-29 04:05:45,-3.2778,-39.2689,71.8,89,100,3.69
454,Verkhnyaya Inta,RU,2022-01-29 03:56:23,65.9811,60.3094,-5.66,94,95,5.84
455,Hambantota,LK,2022-01-29 04:05:46,6.1241,81.1185,80.94,83,20,5.75
456,Ormara,PK,2022-01-29 04:00:58,25.2088,64.6357,67.91,63,0,5.53
457,Luau,AO,2022-01-29 03:58:09,-10.7073,22.2247,63.05,93,100,2.84
458,Lima,PE,2022-01-29 04:00:50,-12.0432,-77.0282,70.9,75,100,7.2
459,Biltine,TD,2022-01-29 04:05:46,14.5333,20.9167,57.15,16,23,12.59
460,Nevers,FR,2022-01-29 04:05:47,46.9167,3.3333,32.59,96,47,1.23
461,Sarkand,KZ,2022-01-29 04:00:01,45.41,79.9186,23.92,68,100,5.19
462,Horqueta,PY,2022-01-29 04:05:47,-23.3428,-57.0597,75.63,69,80,3.4
463,Itoman,JP,2022-01-29 04:05:47,26.1247,127.6694,65.17,96,75,10.36
464,Komsomolskiy,UZ,2022-01-29 04:05:48,40.4272,71.7189,34.52,86,100,6.91
465,La Romana,DO,2022-01-29 04:05:48,18.4273,-68.9728,71.33,87,1,4.52
466,Roebourne,AU,2022-01-29 04:01:59,-20.7833,117.1333,95.43,35,11,12.53
467,Ketchikan,US,2022-01-29 03:57:13,55.3422,-131.6461,40.08,96,100,7.54
468,Port Antonio,JM,2022-01-29 04:05:48,18.18,-76.4612,74.95,82,11,3.06
469,Korla,CN,2022-01-29 03:56:33,41.7597,86.1469,24.4,56,1,5.53
470,Ibra,OM,2022-01-29 04:05:49,22.6906,58.5334,66.45,47,0,1.36
471,Fayaoue,NC,2022-01-29 04:05:49,-20.65,166.5333,80.4,84,100,13.51
472,Kindu,CD,2022-01-29 03:57:29,-2.95,25.95,70.02,96,99,1.48
473,Salalah,OM,2022-01-29 04:02:06,17.0151,54.0924,71.46,47,19,3.65
474,Zaysan,KZ,2022-01-29 03:57:57,47.4667,84.8667,-0.9,91,59,1.32
475,Te Anau,NZ,2022-01-29 04:05:50,-45.4167,167.7167,69.62,45,99,6.93
476,Petropavl,KZ,2022-01-29 04:05:50,54.8753,69.1628,-0.42,78,0,8.95
477,Dzhebariki-Khaya,RU,2022-01-29 04:05:50,62.2167,135.8,-26.18,92,45,2.06
478,Sampang,ID,2022-01-29 04:05:51,-7.1872,113.2394,85.95,74,100,5.86
479,Beloha,MG,2022-01-29 03:56:42,-25.1667,45.05,75.63,64,1,7.14
480,Saint-Denis,FR,2022-01-29 04:00:29,48.9167,2.3333,45.28,96,100,5.01
481,Nocupetaro,MX,2022-01-29 04:05:51,19.05,-101.15,73.15,45,10,4.47
482,Ialibu,PG,2022-01-29 04:05:51,-6.2821,143.9935,63.93,78,100,3.0
483,Kailua,US,2022-01-29 04:05:52,21.4022,-157.7394,77.07,74,75,4.61
484,Atar,MR,2022-01-29 03:56:36,20.5169,-13.0499,69.62,25,100,7.72
485,Tocopilla,CL,2022-01-29 03:59:08,-22.092,-70.1979,66.67,76,23,1.5
486,Edd,ER,2022-01-29 04:02:48,13.9297,41.6925,76.24,81,19,2.44
487,Saint-Francois,FR,2022-01-29 04:05:52,46.4154,3.9054,32.68,100,100,3.44
488,Baruun-Urt,MN,2022-01-29 04:05:52,46.6806,113.2792,2.66,75,3,4.27
489,Kyren,RU,2022-01-29 04:05:53,51.6828,102.1408,4.14,85,30,1.01
490,Pangnirtung,CA,2022-01-29 04:05:53,66.1451,-65.7125,-11.56,100,100,2.82
491,Kavaratti,IN,2022-01-29 03:56:11,10.5669,72.642,80.67,72,7,10.65
492,Sherlovaya Gora,RU,2022-01-29 04:05:54,50.5667,116.25,-5.39,83,9,4.0
493,Chilca,PE,2022-01-29 04:05:54,-12.5211,-76.7372,72.61,85,100,5.41
494,Calatayud,ES,2022-01-29 04:05:54,41.3535,-1.6432,41.58,48,0,0.34
495,Skelleftea,SE,2022-01-29 04:05:55,64.7507,20.9528,25.16,93,100,2.3
496,Muros,ES,2022-01-29 04:05:55,42.7762,-9.0603,41.5,64,0,6.04
497,Labuhan,ID,2022-01-29 04:05:55,-6.8844,112.2051,85.14,68,98,6.91
498,San Quintin,MX,2022-01-29 04:02:16,30.4833,-115.95,59.16,55,26,0.94
499,Port-Gentil,GA,2022-01-29 04:00:07,-0.7193,8.7815,79.72,84,100,10.0
500,Pandan,PH,2022-01-29 03:54:38,14.0453,124.1694,81.16,83,77,3.8
501,Brufut,GM,2022-01-29 04:05:56,13.3814,-16.7518,70.52,62,93,17.18
502,Vanderhoof,CA,2022-01-29 04:05:56,54.0166,-124.0198,28.08,98,100,2.95
503,Nisia Floresta,BR,2022-01-29 04:05:57,-6.0911,-35.2086,72.41,84,98,3.78
504,Belyye Berega,RU,2022-01-29 04:05:57,53.2085,34.6641,32.18,97,99,3.6
505,Puerto Maldonado,PE,2022-01-29 04:05:57,-12.6,-69.1833,72.72,99,97,1.74
506,Kondinskoye,RU,2022-01-29 04:05:58,59.6481,67.41,-7.29,100,73,5.41
507,Caranan,PH,2022-01-29 04:05:58,13.5167,123.0156,82.42,72,14,5.26
508,Joensuu,FI,2022-01-29 04:05:58,62.6012,29.7632,19.89,93,100,5.75
509,Lumeje,AO,2022-01-29 04:05:59,-11.55,20.7833,63.59,96,100,4.36
510,Kieta,PG,2022-01-29 03:59:33,-6.2167,155.6333,84.54,74,66,6.82
511,Port-Cartier,CA,2022-01-29 03:59:18,50.0334,-66.8654,-9.18,96,21,7.25
512,Stege,DK,2022-01-29 04:05:59,54.987,12.2846,40.08,94,100,24.99
513,Puerto Madryn,AR,2022-01-29 04:05:59,-42.7692,-65.0385,75.78,54,26,12.39
514,Yaring,TH,2022-01-29 04:06:00,6.8662,101.3689,83.08,67,42,4.56
515,Acajutla,SV,2022-01-29 03:55:22,13.5928,-89.8275,78.8,74,0,8.43
516,Lafiagi,NG,2022-01-29 04:06:00,8.8667,5.4167,73.0,23,53,4.21
517,Karlstad,SE,2022-01-29 04:06:01,59.3793,13.5036,37.96,100,100,17.27
518,Praia Da Vitoria,PT,2022-01-29 04:06:01,38.7333,-27.0667,56.75,88,19,10.71
519,Kemin,KG,2022-01-29 04:06:01,42.7846,75.6892,32.81,67,100,4.94
520,Vao,NC,2022-01-29 03:57:31,-22.6667,167.4833,77.92,88,100,23.2
521,Port Hawkesbury,CA,2022-01-29 03:58:08,45.6169,-61.3485,35.19,92,100,5.01
522,Mandalgovi,MN,2022-01-29 03:59:06,45.7625,106.2708,5.92,82,100,6.78
523,Falkenberg,SE,2022-01-29 04:06:02,56.9055,12.4912,39.94,93,100,23.58
524,Manono,CD,2022-01-29 04:01:42,-7.3,27.4167,68.61,97,100,1.07
525,Morden,CA,2022-01-29 04:06:03,49.1919,-98.1014,12.58,95,100,8.7
526,Koroni,GR,2022-01-29 04:06:03,36.8,21.95,48.07,69,100,4.03
527,Capitan Bado,PY,2022-01-29 04:06:03,-23.2667,-55.5333,68.4,95,17,3.24
528,Bilibino,RU,2022-01-29 04:06:03,68.0546,166.4372,-6.95,94,100,3.38
529,Miri,MY,2022-01-29 03:55:19,4.4148,114.0089,82.54,83,40,4.61
530,Santana Do Livramento,BR,2022-01-29 04:06:04,-30.8908,-55.5328,61.95,73,0,7.83
531,Santa Cruz,BO,2022-01-29 04:06:04,-17.8,-63.1667,74.66,88,75,5.75
532,Rio Grande,BR,2022-01-29 04:02:56,-32.035,-52.0986,67.95,64,4,10.27
533,Marathon,US,2022-01-29 04:06:05,44.9,-89.7668,13.24,100,51,3.06
534,Xuddur,SO,2022-01-29 04:06:05,4.1213,43.8894,66.76,81,63,16.71
535,Pemangkat,ID,2022-01-29 04:03:23,1.1667,108.9667,82.49,69,100,3.69
536,Marshfield,US,2022-01-29 04:06:05,44.6689,-90.1718,13.44,100,43,3.44
537,San Miguel,SV,2022-01-29 04:06:06,13.4833,-88.1833,77.16,65,90,1.79
538,Tolaga Bay,NZ,2022-01-29 04:06:06,-38.3667,178.3,65.41,60,73,8.93
539,Potchefstroom,ZA,2022-01-29 04:01:18,-26.7167,27.1,62.26,93,31,8.97
540,Gariaband,IN,2022-01-29 04:06:06,20.635,82.0614,67.05,30,3,1.19
541,Luanda,AO,2022-01-29 03:56:35,-8.8368,13.2343,77.16,85,100,3.11
542,Xiamen,CN,2022-01-29 04:01:53,24.4798,118.0819,60.64,69,45,13.65
543,Xai-Xai,MZ,2022-01-29 04:01:18,-25.0519,33.6442,75.96,85,81,10.96
544,Mandurah,AU,2022-01-29 04:06:07,-32.55,115.7,102.15,46,1,10.29
545,Tshikapa,CD,2022-01-29 04:06:07,-6.4167,20.8,69.21,96,89,1.3
546,Derzhavinsk,KZ,2022-01-29 04:06:08,51.1,66.3167,4.71,82,32,11.88
547,Arlit,NE,2022-01-29 03:59:56,18.7369,7.3853,57.4,18,0,5.73
548,Chingirlau,KZ,2022-01-29 04:06:08,51.095,54.0814,2.64,97,87,3.65
549,Urucara,BR,2022-01-29 04:06:08,-2.5364,-57.76,73.85,97,100,1.25
550,Marabba,SD,2022-01-29 04:06:09,12.35,32.1833,59.97,14,28,12.97
551,Banda Aceh,ID,2022-01-29 03:58:19,5.5577,95.3222,84.87,70,34,10.45
552,Kota Kinabalu,MY,2022-01-29 04:02:19,5.9749,116.0724,87.78,70,20,4.61
553,Sao Joao Da Barra,BR,2022-01-29 04:04:07,-21.6403,-41.0511,75.78,90,60,16.64
554,Crossfield,CA,2022-01-29 04:06:09,51.4334,-114.0353,26.91,59,91,5.68
555,Ostrovnoy,RU,2022-01-29 04:06:10,68.0531,39.5131,13.5,92,98,9.46
556,Cerro Largo,BR,2022-01-29 04:06:10,-28.1486,-54.7381,66.99,75,0,9.31
557,Najran,SA,2022-01-29 04:04:16,17.4924,44.1277,52.72,33,89,1.25
558,Imbituba,BR,2022-01-29 03:55:32,-28.24,-48.6703,70.83,79,95,5.48
559,Sechura,PE,2022-01-29 04:06:11,-5.5569,-80.8222,72.81,74,100,9.84
